GROUP,PACKAGE,CLASS,INSTRUCTION_MISSED,INSTRUCTION_COVERED,BRANCH_MISSED,BRANCH_COVERED,LINE_MISSED,LINE_COVERED,COMPLEXITY_MISSED,COMPLEXITY_COVERED,METHOD_MISSED,METHOD_COVERED
Pagamento Service,br.com.fiap.pagamento.model,Pagamento,6,28,0,2,4,7,2,2,2,1
Pagamento Service,br.com.fiap.pagamento.config,MongoConfig,3,0,0,0,1,0,1,0,1,0
Pagamento Service,br.com.fiap.pagamento.dto,PagamentoRequest,3,3,0,0,2,2,1,1,1,1
Pagamento Service,br.com.fiap.pagamento.dto,PagamentoResponse,0,3,0,0,0,1,0,1,0,1
Pagamento Service,br.com.fiap.pagamento.controller,PagamentoController,0,20,0,0,0,6,0,4,0,4
Pagamento Service,br.com.fiap.pagamento.exception,PagamentoNotFoundException,0,4,0,0,0,2,0,1,0,1
Pagamento Service,br.com.fiap.pagamento,PagamentoApplication,5,3,0,0,2,1,1,1,1,1
Pagamento Service,br.com.fiap.pagamento.services,PagamentoService,0,41,0,2,0,9,0,5,0,4
Pagamento Service,br.com.fiap.pagamento.mapper,PagamentoMapper,3,38,0,0,1,8,1,2,1,2
